ID,in_0,in_1,in_2,in_3,in_4,in_5,in_6,in_7
0,1.375361108,0.005694993,0.340598855,-0.068995771,0.697062689,0.424383848,0.02307515,-0.312951113
1,0.907906066,0.631827075,-0.247944775,-0.186796057,0.91634665,-0.059345089,0.157775769,-1.222807128
2,0.305615858,1.082618958,-0.788735774,-0.129106685,0.988338288,-0.384655352,0.327061491,-2.006788931
3,1.060728376,0.561928388,-0.692963241,-0.131503684,1.115945461,-0.134802466,0.55267522,-1.225815461
4,1.367719063,0.954668091,-0.171898985,-0.221613178,1.544429198,0.31779039,0.398558117,-0.730315216
5,1.123977519,0.468925214,-0.155006012,-0.1293388,0.605405027,-0.09056913,-0.529682568,-0.841414927
6,1.328794208,0.454708846,0.157572233,-0.06404752,0.795254886,0.135756858,-0.687642036,-0.523120862
7,1.671938142,0.723051711,-0.335250262,-0.15651751,1.717720738,-0.173833238,-0.829118479,-1.102682418
8,-0.018717247,0.814275585,-1.512793254,-0.127335234,1.737342467,-0.428911759,-0.242989211,-2.947240643
9,0.33111157,0.345121221,-1.157780408,-0.176145547,1.197731352,-0.283140451,0.268105016,-2.09090514
10,0.668651718,0.755631829,-0.321167073,-0.120961566,1.295871201,0.50757009,-0.056612562,-1.045622907
11,0.483567413,0.702910692,-0.473262079,-0.164360331,1.178104591,0.676499157,0.050682892,-1.228820134
12,0.702085722,0.840339984,-0.529594832,-0.190517106,1.341660267,0.17216616,0.701634684,-1.192782355
13,0.45824858,1.333781987,-0.732399595,-0.165789599,1.805991837,0.408787689,0.488257675,-1.766462657
14,1.013879659,1.197537625,-0.636620209,-0.115643541,1.675220585,0.138356699,-0.747913784,-1.77847403
15,0.702511308,1.503199821,-0.208518701,-0.160754558,1.547698983,0.442582731,-0.459804299,-1.180763663
16,1.089729705,1.157257366,-0.045174278,-0.18121407,1.08322748,0.421785449,-0.014645294,-0.736320903
17,1.001489944,0.75859352,0.067467242,-0.162924124,1.364558827,1.076547262,0.123291522,-0.832408227
18,1.119235591,1.529263966,0.199808092,-0.157597366,1.043964896,0.296988782,-0.143379008,-0.703291457
19,1.368922608,1.58790696,-0.270471023,0.507237132,1.161746607,0.062925277,-0.460410989,-0.652237632
20,1.027512102,0.967699275,-0.650706823,0.502311903,1.302412784,0.042113576,-0.588639389,-0.967538003
21,1.164287934,0.985470687,-0.467635657,0.531238367,0.971980305,0.172164718,-0.251382353,-0.76033267
22,1.158896872,0.742600137,-0.566214548,0.508341754,0.755981229,0.296988782,-0.008173075,-0.604203119
23,0.517600647,0.186366997,-1.383176524,0.483691164,0.539927791,0.239780757,-0.843376804,-1.366972882
24,0.808755642,-0.685598087,-1.016917688,0.486402733,0.644686738,0.138358141,-0.688855934,-1.105687092
25,1.381222725,0.563705656,-0.304267248,0.492263032,0.870532417,-0.301358079,-0.566391862,0.011282763
26,1.668074329,1.288169923,-0.135289549,0.483263234,1.207547753,-0.215469617,-1.168802792,-0.114807376
27,1.855532406,0.997316941,0.385644497,0.47604498,1.30895638,-0.022921368,-0.986876064,0.36250014
28,1.216366122,0.612872002,-0.304270674,0.496352443,0.723247141,0.021304759,-1.088811649,-0.354983599
29,1.689735976,0.460632735,0.298366423,0.479035333,0.661055796,0.198171774,-0.668124698,0.260440067
30,1.548131586,0.448784957,0.227967615,0.533655608,0.733063542,0.203374339,-0.848838394,0.317470301
31,-0.213396281,2.756055561,-0.729576104,-0.529415162,1.871367397,1.229740301,-1.933420709,-1.439063079
32,0.347375941,2.515554871,-0.090233627,-1.593992713,0.23867371,0.790825807,-1.799933641,-0.339974872
33,0.641407948,2.670755322,0.40253747,-1.476991042,0.582488347,1.385494247,-1.949702197,0.170387708
34,0.763852036,2.113931367,0.61089327,-1.514725157,0.261599451,1.328390042,-1.499587956,0.251437027
35,0.790315632,2.146511231,-0.400029501,-1.369450214,0.73634138,1.297239541,-1.639344493,-0.039752763
36,1.487380594,1.243743043,-0.422562602,-0.541974315,0.860705948,1.676124109,-1.600107413,0.257446374
37,1.200635864,0.836193364,-0.881698522,-0.382039175,-0.183916764,1.050577697,-0.835691726,-0.141827475
38,0.709705638,0.889506331,-0.495788327,-0.464816459,-0.036477462,1.510068853,-0.868861393,-0.03675175
39,1.28261644,0.78939764,-0.098676686,-0.428065298,-0.095452377,1.7228203,-0.72344121,0.692662847
40,1.304912818,0.127129125,0.250497289,0.116220018,-0.197026104,1.118095683,0.01983878,0.74068638
41,1.413925913,1.414344283,0.318076033,0.00182657,0.674149028,1.042786827,-2.007748725,0.767688181
42,1.318151881,1.460549447,-0.645073548,-0.012256627,0.160069013,0.312584941,-1.497969944,0.083332702
43,1.49602584,1.490167113,0.095619912,0.034657118,-0.039754293,0.894743001,-1.047349695,0.60562248
44,1.202480694,1.244926703,0.267386836,-0.029805325,-0.337934897,1.406258364,-1.219366298,0.626625914
45,1.282179171,0.897799572,-0.045177704,0.947459312,0.006109269,1.62942215,-0.582774206,0.512576427
46,1.318964895,1.329042774,0.419433869,0.911727402,0.638140122,0.660908766,-0.483771212,0.683652487
47,1.747179292,2.645876106,0.188541541,0.954095837,0.091283737,-0.03332794,-0.525131965,0.770692854
48,1.123492425,1.625227561,-0.695776452,0.886353,0.444979204,-0.113984997,-0.775218095,-0.297938726
49,1.165713619,0.79354426,-0.428189024,-0.046536205,-0.331381234,-0.197256315,-0.054690946,0.011286423
50,1.286031551,0.984877841,0.318076033,-0.004267351,-0.121665017,0.47377649,-1.941105786,0.770692854
51,2.053687671,1.05063067,0.700977703,0.083644109,0.232123067,0.936301515,-1.409079825,1.679919388
52,1.336884874,1.037597962,0.295553212,0.069821984,0.41550886,0.679097555,-1.305020221,0.584611727
53,0.648779127,0.157340399,-0.084603778,-0.063666647,0.399138796,0.299588623,-1.253445739,-0.030753383
54,1.371083027,0.704688977,-0.732392741,-0.291371196,-0.003721226,0.101944513,-1.321807025,-0.057766163
55,0.930886349,0.375924071,-0.754936122,-0.599366296,0.074901592,0.283986696,-0.640517649,-0.490095076
56,1.912583141,0.535862718,-0.357783363,-0.415681539,-0.11510934,0.208576904,-0.749026134,0.563597314
57,1.288075738,-0.837243493,-0.349336876,-0.42734909,-0.282224732,0.580346877,-0.677933794,0.200405161
58,1.317020224,-0.556461528,-0.811272301,-0.410129895,-0.603442821,0.374991205,-0.582369573,0.092332082
59,1.350663048,-0.160761405,-0.656340099,-0.473580108,-0.029922792,0.075931689,-0.106366976,0.080328029
60,1.29449516,-0.201633494,-0.569020906,-0.392901524,-0.855907849,-0.540867839,-1.166679293,0.242433987
61,0.993209732,-0.580157084,-0.707049856,-0.598516066,-0.911661301,-0.389862242,-1.277614882,-0.084786263
62,1.319873162,-0.823620225,-0.357779936,-0.417958647,-1.18390611,-0.363832115,-1.207230433,0.347495073
63,1.545246125,-0.752536354,0.244864014,-0.399236949,-1.242958542,-0.23369013,-0.497828001,1.307866927
64,0.847117564,0.368816015,-0.135292976,0.514909624,-1.118299008,1.818790894,-2.223755414,0.098345088
65,0.810555262,0.033535899,-0.019834819,0.614114882,-0.829678095,1.04018987,-1.092047325,0.455549853
66,1.355487222,-0.007930561,0.624969605,0.526299404,-0.767382053,1.302432012,-1.09406997,1.040787717
67,1.309941272,-0.127588948,0.337782217,0.550667196,-0.646062773,1.525637615,-1.53933035,0.965773362
68,1.253863364,-0.237767895,-0.349326597,-0.319988814,-0.688683732,1.242722199,-1.086687977,0.500572373
69,0.934292766,-0.733579504,-0.231044949,-0.958387294,-0.957577212,1.398473262,-1.094272546,0.647640327
70,1.159448188,-0.783932558,-0.191618875,-0.837952772,-1.288891567,0.101944513,0.05058169,0.824714754
71,0.514405625,-1.07300624,-1.12397733,-0.833454617,-1.446395926,0.05512143,-0.894142886,0.023290476
72,0.902210649,-0.11100145,-0.340883537,-1.035757395,-0.685404887,-0.49660278,-0.550009172,0.3444904
73,0.980003957,0.08625729,-0.636627062,-0.840612244,-0.895265063,-0.681492819,-0.61746051,0.089338388
74,1.057871241,0.614647493,-0.107133452,-0.886938508,-1.137978118,-0.124394453,0.303094924,0.692655527
75,0.912073859,0.566072976,0.028041168,-0.869651138,-1.118296995,-0.002108225,-0.932773104,0.65964438
76,0.385267688,0.769848959,-0.940851339,-0.795641492,-0.773935716,-0.921152542,-0.684810993,-0.3009434
77,0.833202077,1.124677755,-1.025371027,-0.952375633,-0.71163464,-1.241721665,-0.299518582,-0.306949086
78,0.567605304,0.494397021,-0.88451516,-0.606705344,-0.872306101,-0.496601338,-0.446455575,-0.216878428
79,0.815712533,-0.217628908,-1.078893995,-0.81786959,-0.928061567,-0.561699727,0.122381228,-0.024747696
80,0.749634782,-0.528028031,-0.425382666,-0.863802357,-1.958476622,0.081129928,0.514954776,0.776691221
81,0.850760104,-0.118109761,-0.543681447,-0.983911259,-1.137980132,-0.543470563,0.549944685,0.359499127
82,1.531655115,1.384725347,0.04212093,-1.002083481,-0.672293533,-0.470568327,-0.077748258,0.800706648
83,1.131770589,-0.222959697,-0.267657812,-1.071951257,-1.151103566,-0.189451026,0.401996716,0.824714754
84,1.369668812,-0.241323193,-0.008571695,-0.869601586,-1.636752159,-0.257111765,-0.92013227,1.010777583
85,1.395926953,-0.057689499,-0.352146661,-0.836959881,-2.086544866,-0.540867839,-0.482962293,0.920747182
86,0.869750545,-0.583710604,-0.450722125,-2.218148191,-0.111837542,-1.502475712,-3.200739364,0.053307929
87,1.067551157,0.018134347,0.28147345,-0.398885185,-0.075795414,-1.87294937,-1.884880193,-0.060770836
88,0.209517084,-0.071314037,-0.439462428,-0.508268146,-0.590329455,-1.505084204,-1.276199274,-0.339974872
89,0.416294372,-0.079606516,-0.025468094,-0.493255625,0.029042057,-1.252151308,-1.175577922,-0.03675175
90,0.709372651,-0.487747263,0.332155795,-0.529742651,0.20919632,-0.962842274,-0.731834178,0.512576427
91,1.033839236,0.315503048,0.427876929,-0.531332922,0.395864984,-1.377301253,-1.501307169,0.500576033
92,0.740361992,-0.199264904,-0.600014199,-0.425096469,-0.262562736,-1.559859655,-1.703559981,-0.487094063
93,0.518687163,-0.199856988,-0.549307869,-0.475227952,0.015940771,-1.017568699,-0.975549811,-0.306949086
94,0.686650901,0.112320927,-0.591554007,-0.58897334,-0.373988098,-1.372087153,-1.049877827,0.119352182
95,0.693963076,0.147270398,0.498268884,-0.382386561,-0.23634607,-1.351227867,-0.418341999,0.383510893
96,0.49601989,0.42509118,0.180098481,-0.493390272,0.372942263,-1.583334643,-0.686934492,-0.105804335
97,0.950563683,1.047669487,-0.002938419,-0.411564311,-0.062696141,-2.502246301,-0.606336486,-0.216878428
98,0.298182666,1.05063067,0.303999698,-0.494008484,0.18953835,-1.927755102,0.495841724,-0.183848982
99,0.422671733,1.054184698,0.360305038,-0.429354481,0.101100138,-1.888607533,0.518393029,-0.03675175
100,0.581524165,0.493212853,1.019079574,-0.540091475,0.143684855,-1.651158323,-0.91639076,0.590613753
101,0.687450023,0.973622656,0.56302071,-0.365142201,-0.419873808,-1.679857504,-0.789881572,0.458550867
102,-0.085674604,1.135932179,-0.332433624,-0.506854545,-0.062686074,-2.729587423,-0.864209242,-0.880453719
103,-0.261889003,0.404358077,-0.247941348,-0.451015569,-0.023373155,-2.329840686,-0.563762355,-0.709293484
104,0.454576213,0.638343048,0.506711944,-0.497407346,-0.603438794,-2.024332758,-0.479422839,0.341485727
105,0.230006172,-0.29641292,0.247677225,-0.535925445,-0.639505083,-2.053049243,0.569563225,0.086330055
106,0.633573415,0.25982022,0.425063718,-0.542105935,-0.508374436,-2.060881929,0.290757349,0.257435394
107,0.401965102,0.017541247,0.07309709,-0.444672791,-1.137981139,-1.964295622,0.400378358,-0.00973531
108,0.608021071,-0.868639443,-0.208515274,-0.147986541,-2.18507431,-2.248879377,-0.708373446,-0.406030104
109,0.949743023,-0.438580917,0.095626765,-0.176516126,-1.807447402,-2.063494747,-0.610078517,0.731676021
110,0.267197551,-0.176754279,-0.259204472,-0.355209683,-1.331548767,-1.862509634,-0.730216514,0.110349142
111,0.49869327,-0.616291738,0.044934141,-0.208672134,-2.221204021,-1.429453793,-0.563661327,0.476560607
112,0.497292834,-0.311814472,0.182911692,-0.135549538,-2.290182585,-1.254758358,-0.445747684,0.770692854
113,0.545909328,0.254489178,0.374381373,-0.203414994,-1.948630019,-1.531166242,0.233620422,0.893741722
114,0.561712013,0.279368139,0.171648569,-0.245759566,-2.020867294,-1.184375212,-0.005139282,0.37150684
115,0.417152684,-0.79518749,-0.278924362,-0.125155348,-3.318967781,-1.614649526,0.557225996,-0.610227105
116,0.692207311,-0.400077418,-0.99438116,-0.228141843,-3.690685318,-2.384691119,1.131826781,-0.333969186
117,0.90587216,0.082109653,0.002691429,-0.484049766,-1.351231904,-1.893828843,-1.289446623,0.21842222
118,0.265693304,-0.639986277,0.875516719,-0.660069873,-0.049582775,0.200768731,-1.555409956,0.743683734
119,-0.600256414,-0.732394573,-0.087420416,-0.496157613,-0.859188707,1.245320598,-0.604415217,-0.126818749
120,0.37930648,-2.317570517,1.002190028,0.555398003,-0.387099452,0.920716892,0.681409108,1.142822171
121,-0.003951816,-1.445606195,0.506711944,0.600553187,-0.249456416,0.395788487,0.088807621,0.224416928
122,0.386186411,0.058415114,1.314627785,0.453822338,-0.21013343,0.20857402,-0.906581143,1.364827624
123,2.039503206,-0.226513217,2.350177289,0.507063334,-0.09545137,1.001232638,-0.537065254,3.005756113
124,1.065665276,-0.73298742,1.624211211,1.416193019,0.428603099,1.255699772,-0.47335508,1.868928334
125,0.756957005,0.326165387,1.587625761,1.437402756,0.922893266,1.022009733,0.189933767,1.241848292
126,0.814942877,-0.393559921,1.764919737,1.459940283,1.093042874,1.359537659,0.549843656,1.505900871
127,1.77845427,0.236125427,2.451466593,1.508497357,0.071628787,0.827197618,-0.898490913,2.366898924
128,1.124805463,0.783472989,1.432840901,1.46417024,1.537889629,0.390588806,-0.724553907,1.253848686
129,-1.075719829,0.486697642,0.515161857,1.44273564,1.377640985,-0.012514796,-0.789476939,-1.111689118
130,0.31646178,-0.045249384,0.928995142,0.478695687,1.217361134,0.398386885,-0.859456409,0.788698934
131,0.329375155,-0.513811663,1.22737027,0.548497183,0.798529704,0.528364488,-0.427746983,0.854724888
132,0.375561815,-0.307667852,1.066931575,0.571279903,0.386040529,0.52056785,-0.112434042,0.635636273
133,-0.104959326,-0.373420681,-0.047994342,0.501057991,0.615225455,0.390588806,-3.258381258,-0.240893854
134,0.093185793,0.233756075,-0.039544429,0.584254643,0.775613024,0.463380012,-0.92994154,0.020285803
135,-0.016074391,-0.37045899,-0.749302847,0.472437822,1.135571216,0.484172968,-0.776127869,-0.673255705
136,0.029667902,-0.549354234,-0.709866493,0.508471414,0.454802651,0.242383481,0.032581162,-0.388009385
137,-0.103040752,-0.923729424,-0.960578082,0.488108244,0.006107256,0.343790236,0.110752063,-0.553149295
138,-0.380116258,-1.11565763,-1.146513858,0.531121178,-0.432984155,0.169566319,-1.384202272,-0.757338976
139,-0.319623157,-0.326624448,-1.369096762,0.538539898,0.120762134,-0.337799104,-1.791135693,-1.222807128
140,0.24852254,-0.092046632,-1.293020134,0.514306895,0.097832367,-0.460153103,-1.679997874,-1.237830493
141,-0.242777257,-0.359797413,-1.10143395,0.534575596,0.019216595,0.099340347,-1.679491693,-0.868442346
142,-0.355587362,-0.82895076,-1.245116735,0.52079245,0.814895742,0.107145636,-1.76585368,-0.871443359
143,-0.537290819,-1.003699637,-1.470529983,0.541833066,0.291074828,0.01609931,-1.589084764,-1.084665359
144,-0.948577218,-0.765568554,-1.893220942,0.476722211,0.212472145,-0.327388206,-1.543578042,-1.928674749
145,-0.60235068,-1.113879599,-1.600146712,0.564172496,-0.193749272,-0.225883399,-0.899704985,-1.439059419
146,0.116202096,-0.501964901,-0.056440828,0.462398393,0.775618057,0.660907324,-1.025506281,-0.075772243
147,0.004862735,-1.003108061,-0.259211325,0.504270406,0.769071441,0.863566545,-0.959672955,0.116347509
148,0.655751593,-1.735274247,0.985297055,1.468608009,0.808346105,1.356943586,1.24185277,1.115813051
149,0.913449601,-0.260279028,0.425060291,1.446654265,0.44498021,0.663507165,0.308252216,0.698661214
150,0.748132033,-0.960457179,0.244864014,0.538821616,0.788710283,0.720674815,0.2761949,0.36250014
151,0.884164141,-0.360387465,1.258329298,1.443992324,1.093043881,1.41663898,0.172135642,1.403877396
152,0.099145905,-0.004376278,0.965594298,1.013625987,1.014515693,0.502371851,0.631655214,1.031737099
153,0.520315087,-0.224143611,1.035965693,0.892252561,0.723248147,0.34378591,1.963188491,0.959760356
154,0.885681985,0.634788765,0.816398168,0.984022729,0.664328601,-0.316975867,0.635699982,1.037786703
155,1.04161063,0.934527327,0.923365293,0.909278121,1.279514224,-0.280537726,0.018828151,0.69566386
156,0.867537953,0.38303289,1.342773601,0.48486691,1.155203011,-0.02292281,-0.142570436,1.139821158
157,0.518855841,-0.231844768,0.639042514,0.516042521,0.579216549,-0.113987881,-0.055095752,0.740679061
158,0.511771955,-0.559423981,0.647495853,0.498563901,1.001428501,-0.150415928,1.597313084,0.689661834
159,0.6483332,0.360523027,0.653118849,0.05748669,1.338392495,-0.801310424,1.026857576,0.488561
160,0.377550848,0.814868939,-0.380316464,0.037255569,1.750418585,-0.936786192,0.910562118,-0.553156614
161,0.449503403,0.078555625,0.070283879,-0.025313653,1.403807316,-0.470566885,1.010273002,0.410523673
162,-0.047805285,-0.015631718,0.089990063,-0.001721018,0.96216189,-0.715354191,-0.523311724,-0.171844928
163,1.039739884,-0.2312537,0.478559274,0.094745057,0.019217602,-0.861232204,0.058368663,0.833714135
164,0.193381826,1.07077118,1.151379305,-0.010642253,1.344934078,0.977858588,-1.22078156,-0.00973531
165,0.735408534,1.98301627,1.21892721,0.01969879,1.122486037,0.879156936,-0.622618148,0.45254884
166,0.899571759,0.218946353,1.739597411,0.566544578,-0.056136438,1.377707703,-0.505513252,0.71366994
167,0.791132257,0.540010609,2.049129439,0.502776322,0.454803658,0.117550765,-0.167346268,1.02578265
168,1.684595025,0.360523281,2.561174972,0.484388421,0.386040529,0.47117665,0.509089593,2.042935872
169,1.020822832,0.56014985,2.246085053,0.514839471,0.029043063,-0.241496861,0.791434923,1.565902839
170,1.331679342,0.743785068,1.725527929,1.032303926,0.422061516,0.198171774,0.756444842,0.944755289
171,0.113512304,-0.287328964,1.164049035,0.990080103,0.637594655,0.744058719,1.052341617,0.207408745
172,-0.391445943,-0.727656038,1.039718926,0.004775548,0.247406727,0.856640366,-0.224044453,-0.165342123
173,-0.379478321,-0.573049027,1.384985474,0.058325872,-0.174088282,0.75704951,0.336668531,0.29946422
174,-0.04753847,0.346898236,1.069744786,-0.556943952,-0.033199623,0.190369369,0.322308831,-0.156839862
175,-0.257783377,0.747338588,0.751646341,-0.500803111,-0.187194602,0.276185733,0.400682136,-0.490095076
176,-0.113097897,-0.124034412,1.086634332,-0.406353325,-0.554266186,0.395787045,0.780209872,-0.024744037
177,-0.321921217,-0.050580426,1.466609713,-0.417014883,-0.373989105,0.681695954,1.121916656,0.254430721
178,-0.177360628,0.012210204,1.987218236,0.08878448,-0.321553759,1.071353349,1.297573568,0.743680074
179,-0.13583557,0.292993185,1.911244404,0.031895001,-0.226515575,1.224549271,1.389194222,0.73167968
180,-0.342558909,-0.218219722,1.005003239,-0.022755935,-0.249454403,0.387987524,-0.208403762,-0.144828489
181,-0.695966673,0.266928023,0.563024137,0.03637343,-0.134768316,0.291789101,0.092144672,-0.682273384
182,0.12656566,-0.479453514,1.278032055,0.049276252,-0.475595046,0.840188168,0.203383866,0.53358718
183,-0.925944286,-0.204003608,0.788245497,-0.424831522,-0.505097604,0.668703962,0.73429869,-0.357988272
184,-0.432671999,-0.070128091,1.097894029,-0.436863826,-0.432986168,0.814208509,0.837043367,0.218414901
185,-0.195596685,0.311948511,1.066928148,-0.454902812,-0.485428561,0.330792476,0.022771892,0.176393394
186,-0.786719026,0.926825916,0.453219815,-0.392736476,-0.010270862,0.473777932,0.549438677,-0.682269724
187,-0.525758446,-0.332546559,0.886776416,-0.479746835,0.150242545,0.847981922,0.39592913,-0.075783223
188,-0.241389527,-0.019185238,1.43846047,-0.445293278,-0.102004027,0.814209951,0.589485196,0.365504813
189,-0.3515336,-0.036363296,1.446906956,0.090536673,0.205924522,1.3387721,0.732174844,0.341489387
190,-0.280996211,0.269890984,0.976853995,0.035654084,0.444981217,0.70508154,0.919056808,0.209411861
191,-0.342192893,0.64249043,0.791062135,0.097546505,0.795255893,0.393187204,1.302528804,-0.294941373
192,-0.947668264,0.534086212,0.436323415,0.036295884,0.3434689,0.507568648,1.562727635,-0.688268091
193,-0.618858664,-0.071312513,0.810768319,0.043303641,0.336919263,0.634923339,0.35729822,-0.30093974
194,-0.872454449,-0.496040251,0.574287261,0.045861908,0.235399899,0.751851271,0.570271115,-0.375998012
195,-0.7283148,0.01221122,0.585546958,0.022063848,0.631593506,0.650515172,0.503123209,-0.388016704
196,-0.651344089,0.040051618,0.07309709,0.013847662,0.395864984,0.133155576,1.023419323,-0.511113149
197,-0.57873199,1.240780083,0.726310309,0.026632907,0.310724744,0.458180332,1.0223068,-0.580173054
198,-0.581217761,1.048260555,1.033145629,0.007504144,0.726522965,0.718073533,1.459477643,-0.093789303
199,-0.224546546,0.492620769,1.711441314,0.028179479,0.271424912,1.123291038,0.100942794,0.548595907
200,-0.516738707,0.492027669,0.836107778,0.013129841,0.002838478,0.351589757,0.209653856,-0.162841888
201,-0.598311661,1.015088607,0.4391332,0.035799532,0.500641046,0.182569848,0.530326318,-0.568165341
202,0.017840604,0.45293234,1.56511322,-0.023075096,0.41551188,0.858372632,0.38611986,0.56059996
203,-0.275922434,0.417390531,1.536974256,0.012251477,0.287799003,0.668703962,1.032621557,0.38050988
204,-0.30276285,0.359338351,1.185154971,1.465337335,1.021060296,0.520566409,0.574114001,0.224424247
205,-0.797844825,0.008065107,0.636232729,1.419088006,0.782164674,1.050577697,0.564203703,0.005273416
206,-0.46186905,-1.762522052,0.93462499,1.470592365,0.72979577,1.092129001,0.820357419,0.161381008
207,-0.47413765,-1.446791125,0.957151238,1.457038288,0.958891099,1.164832249,1.587605015,0.23643196
208,-0.555608483,-1.080115567,0.357488401,1.507079411,0.988339295,0.252781401,1.640291848,-0.318960459
209,-0.650739728,0.43753028,-0.915505027,1.482354735,1.204274948,-1.074900733,1.762755573,-1.661328376
210,-1.440485613,-0.160760897,-1.140877156,1.50056217,1.256620698,-0.559094119,0.680600189,-1.748441938
211,-1.39161782,0.917940082,-1.273293391,1.416431923,1.819067956,-0.754423895,0.953641563,-2.475474023
212,-2.343256634,0.766886507,-1.57196663,1.435913858,1.930206407,-0.303960803,1.470601147,-2.757916958
213,-2.00917701,0.163264796,-1.287386858,0.506002817,1.204274948,-0.264919938,1.328417506,-2.226097132
214,-1.5989361,0.069077961,-0.85634193,0.48456879,1.295872208,0.161765356,1.830611717,-1.634293637
215,-1.88259795,0.709426919,-1.061990743,0.492528687,1.953087852,0.354189598,0.114089288,-2.202056087
216,-1.645297536,0.574367233,-1.698763295,0.507425919,1.161747614,-0.741398738,0.545292707,-2.313225333
217,-1.445867318,0.566073738,-1.188763422,0.476181045,1.187919985,-0.301358079,0.712758534,-1.880614618
218,-1.856712759,0.492621023,-1.304293537,0.531042785,0.860715009,-0.218075226,0.959204008,-2.166007329
219,-2.03454917,0.09158757,-1.090167399,0.517821628,1.24025768,-0.153017211,1.607324237,-1.880610958
220,-1.724085364,-0.41488587,-1.092984037,-2.377742285,-0.387102472,0.161763914,0.260217015,-1.85357256
221,-1.650116924,-0.701000401,-2.067955272,-2.377993566,-0.432984155,-0.66847343,0.553686369,-2.202056087
222,-1.878963893,0.37888627,-1.633956644,-2.425865623,0.163344838,-0.423704869,0.665127792,-2.598661962
223,-1.604091023,1.052408446,-0.757749333,-2.336901693,0.369667445,0.120150606,0.858886435,-1.95872148
224,-2.630638028,0.141938339,-1.456436515,-2.263034297,-0.010265829,0.351592641,1.106141001,-2.700828168
225,-2.405488486,-0.090861448,-1.276116881,-2.34274073,-0.206854585,0.697286345,1.751631897,-2.601662975
226,-1.707084678,0.110542643,-0.704233218,-2.344178187,-0.990374723,0.372388481,-0.664889195,-1.832547167
227,-1.672815739,0.283514759,-0.878881884,-2.337323114,-0.875584946,0.265784929,-0.603302867,-1.8355555
228,-1.722965888,-0.296412666,-0.34933345,-2.291852283,-1.082215605,0.767441662,-0.785229768,-1.387990955
229,-1.816091196,-0.222366343,-0.619720383,-2.324457373,-0.577216088,0.684294352,-0.663068607,-1.706383834
230,1.090886834,0.611685802,0.895219476,-2.189941589,-0.400207785,1.284257642,-3.071701524,0.923748195
231,0.933083584,0.204137647,0.30962612,-2.41587332,-0.718193337,0.088938101,-1.467733215,0.035298189
232,-0.354899161,-0.225328033,-1.059177532,-2.362547943,-1.607205306,-0.194652149,-1.856159927,-1.090667386
233,-0.46244685,-0.135881427,-0.800002324,-2.303725611,-1.68598819,-0.017723129,-0.988898535,-0.74232293
234,-1.452359117,-0.269163845,-1.659323515,-2.395195865,-1.439831189,-0.009912072,-1.411607784,-1.91065037
235,-0.768472932,-0.120480129,-1.856580667,-2.298993828,-1.475929693,-0.44973788,-0.872906335,-1.736423245
236,-0.84777367,-0.478269092,-2.098958846,-2.435880002,-1.485771261,-0.548678896,-1.687784153,-1.811521775
237,-0.697257473,-0.267979423,-0.205698637,-2.316359083,-1.597360717,-0.064550538,-0.583785182,-0.078776916
238,-0.861563709,-0.420809759,-0.749292567,-2.402786304,-1.384044515,-0.228484681,-1.038248316,-0.180851628
239,-0.50153906,6.134920865,-0.628173722,-2.258454783,-1.882958488,0.156562791,-0.166132543,0.37150684
240,-0.633751856,-4.07393953,-0.980294545,-2.334276409,-2.001163016,-0.179037244,0.249699854,0.050310576
241,-0.422117818,-3.490457568,-0.788732347,-2.332692592,-1.288891567,0.091537941,-0.077343452,-0.111806362
242,-0.362506408,-3.665206191,-0.490168758,-2.211436715,-1.640026977,0.416585768,0.628014385,0.029296162
243,-0.432409274,-3.242848822,-1.253573501,-2.307985244,-2.053705073,0.45038081,0.835930844,0.797705634
244,0.011577616,-3.312155171,0.655935487,-2.346130558,-1.705677368,0.834992813,-0.9037501,1.436888543
245,0.652766475,-2.584136114,1.410321506,0.550252982,-1.223279431,0.918119936,-0.555267666,2.195932657
246,0.048661712,-2.332379985,0.951514536,0.508870923,-0.170810444,0.736263764,-0.02637514,1.181828025
247,-0.309448001,-1.696176632,1.024709423,0.592714787,-0.967416768,0.972661791,0.472077041,0.944755289
248,0.241064756,-1.404139989,1.593262463,0.436016577,-0.688685745,1.04018987,0.417468593,1.775929857
249,0.024215462,-1.383999733,0.971224147,0.989498675,-0.800167483,0.634921897,1.361283049,1.163825605
250,0.07551024,-1.395254664,0.93462499,0.925012589,-0.718191324,0.281385414,1.481017106,1.00777657
251,0.17058814,-1.334833894,0.990933757,0.962810255,-0.701799112,0.247583162,1.600447905,0.893741722
252,0.171094561,-0.941501091,1.435650685,0.956676436,-0.869025242,0.575148638,0.004265529,1.475898057
253,0.073637669,-0.976449799,2.018180691,0.977067468,-0.911661301,0.827200502,0.068278961,1.592915619
254,0.202580587,-0.902997592,1.767736374,0.944684246,-0.688683732,0.946690783,0.66977977,1.796925971
255,0.294070526,-1.783254901,1.317444422,1.005804525,-1.479210551,0.434784652,0.950102456,1.28385882
256,0.362315333,-1.581257202,0.565833921,0.912902701,-1.820577883,-0.171231955,1.595694899,0.833717795
257,0.032635323,-1.599621207,1.379362478,0.945298891,-1.187186968,0.679097555,1.323259694,1.331871374
258,-0.109232714,0.008063837,1.618588216,0.919134553,-1.242959548,1.185603575,1.419431298,1.394881675
259,0.165678341,-0.219404398,2.262971172,0.9080099,-1.407016565,1.081739733,-0.791398209,2.087936433
260,0.088692236,0.477219217,1.638287546,0.947813636,-1.338106457,0.93110616,-0.699676527,1.607913366
261,-1.21712505,-0.948608894,0.092810127,1.410243332,-0.069239738,-1.124420267,-0.772082927,0.58761274
262,-0.089287097,0.548303088,1.69175569,1.457244667,2.387685322,0.481576012,-1.122284748,1.643910888
263,-0.443119879,-0.073090035,1.19359803,1.501892662,2.299475632,0.754452554,-1.259513499,1.298856567
264,-0.415278619,-0.073090035,1.168265425,1.450251226,1.524808477,0.975260189,-1.176892676,0.779699554
265,-0.445424952,0.089811064,0.315259396,1.468157575,1.46921509,1.395877747,-0.985156678,-0.006730637
266,-0.631914377,-0.435619227,0.270203473,1.407302304,0.808348119,1.294642585,-0.897176679,0.242433987
267,-0.511365099,0.314318371,1.382175689,1.381123509,0.873805221,1.665744934,-0.524019441,1.346869121
268,-0.555991965,-0.212297103,1.016262936,1.478907161,-0.832954927,1.011623348,1.475556209,1.5929083
269,-0.233565127,0.242049316,1.379359052,1.464430882,-1.108455426,0.356789438,1.125658513,1.790931264
270,0.729849154,1.313048884,-0.371876831,-3.297442462,-2.007732787,-8.731128026,-0.396397557,1.730921976
271,0.784982806,1.600347838,1.869035959,1.02045301,0.11093768,1.011621907,0.642475286,1.910935201
272,-0.123863564,0.435753265,1.278028628,1.012617985,0.458078476,1.190797488,0.66522934,1.48789845
273,0.036447205,-0.343801999,0.889586201,0.994190779,0.844348971,1.4529733,0.770602658,1.352867488
274,-0.522766007,-0.884633587,0.2533105,0.997322709,0.854165372,-0.413291087,1.918491381,0.905742115
275,-0.083169769,0.379477592,1.00781645,1.323421171,1.416888468,-0.879464252,2.220252154,1.454894623
276,0.009023998,-0.276271902,0.447589966,1.342323092,0.8639858,-0.408085639,0.85140324,0.950760975
277,-0.251267518,0.103435094,0.624966179,1.261691438,1.246805303,-0.030726657,0.699612213,0.629634247
278,-0.337655478,-0.03280876,0.447593392,1.296290692,1.236990916,0.138359582,1.028172329,0.755684128
279,-0.744395957,-0.692706398,0.256123712,1.338954532,1.223903724,0.062925277,1.849724596,0.530582507
280,-0.947559363,-1.628055213,-0.343703601,1.319801452,0.232124074,-0.652844106,1.528243388,-0.00973165
281,-1.302146317,-1.58066588,-0.225421953,1.364954939,0.376215068,-0.111383715,1.301315425,0.074315023
282,-1.249690863,-0.021554845,0.002694856,1.317379781,0.553021023,0.216377867,1.27805623,0.233419968
283,-0.941858592,-0.424364295,-0.228228311,1.320265601,0.261600458,0.135756858,1.999593834,0.575605027
284,-1.167780229,-0.072498713,-0.495798607,1.308623517,0.389314341,-0.730980631,0.719938644,-0.01873835
285,-0.973237173,0.124168451,-0.490158478,1.268685251,0.415512887,-0.822152406,0.975384122,-0.084789922
286,-0.705193516,-0.147135724,-0.121678656,1.3078385,0.836711252,0.122320023,0.901494588,0.382513605
287,-0.8429477,0.041828886,-0.523961557,1.305942357,1.004699292,0.234581076,1.004610049,0.143371268
288,-0.74733143,0.173927135,0.168831931,1.331810973,0.690514059,0.442582731,1.233459454,0.464556553
289,-0.457495766,-0.185639858,0.303996272,1.282758863,1.236990916,0.684294352,1.232548987,0.842720835
290,-0.753943592,-0.222367359,0.351861979,1.387000113,0.330370633,-0.829964905,1.175816693,0.557595287
291,-1.027594558,-0.548170065,0.166015293,1.291808229,0.762526838,-0.853413938,1.043847129,0.035301849
292,-0.725745414,0.338012911,1.019079574,1.36048773,0.867256592,-0.223279232,-0.336429587,0.539585547
293,-1.325203868,0.123576366,0.396907621,1.351782906,0.51046248,-0.132199742,-0.084119102,0.053315249
294,-1.130295075,0.22664751,0.34623213,1.331577561,0.818166533,-0.218072342,0.524865421,0.3444904
295,-0.998419345,0.593915406,0.591180234,1.340492373,0.939255277,-0.488788839,0.358512118,0.44354214
296,-0.894155158,0.672699926,0.191358179,1.344588834,0.939256284,-0.678887211,0.656127788,0.140366595
297,-1.020651147,0.384810159,0.287103299,-0.476721032,0.733067568,-0.316975867,0.562787748,0.191402121
298,-1.105804654,0.348971334,-0.063012983,-0.434303609,0.558479221,-0.554317411,1.242206975,0.009777986
299,-0.6973465,0.261004134,0.028041168,-0.461271144,0.081457269,-0.809124365,0.028940679,0.476560607
300,-0.780867791,-0.206965045,-0.183165536,-0.43821756,0.156793188,-1.202620238,-0.177155538,0.338488373
301,-1.077148121,-0.196895551,-0.639440273,-0.453490854,0.212476171,-1.653768257,0.110752063,-0.499101776
302,-0.640610774,-1.628055721,0.04212093,-0.446704485,-0.24290074,-1.103569633,0.301476566,0.473559593
303,-0.664381431,-0.583119282,-0.017018181,-0.417999876,-0.043029111,-0.540864955,0.268206564,0.428537073
304,-0.95311031,-0.429695084,0.084363641,-0.427839292,0.065076131,-0.329989489,0.61436223,0.29946788
305,-1.156785004,-0.32010746,-0.363416638,-0.471526299,-0.311719237,-0.95502545,1.09511818,0.188397448
306,-0.940499726,-0.425548717,-0.780285861,-0.494663187,-0.298610904,-1.398161981,1.138905862,-0.192863001
307,-1.413958522,-0.529805553,-0.639440273,-0.462609976,-0.387098445,-1.119206167,1.677506457,-0.237892841
308,-0.941330783,-0.52151282,-0.349330023,-0.407352352,-0.829677088,-0.87425592,0.222496745,0.29947154
309,-0.534401266,-0.711662233,-0.349336876,-2.413833124,-0.980534161,0.18515671,-0.512490958,0.191398461
310,-1.809622208,-0.666642507,-0.842262168,-0.406358156,-1.256082982,-0.691912368,0.497561111,-0.574171027
311,-2.059261671,-0.305890584,-2.03132185,-0.488280278,-1.006772975,-1.327758647,0.737534539,-1.511142296
312,-2.348348003,-0.089676517,-2.761382675,-0.454307747,-0.636226238,-1.578117658,1.203627185,-2.448439284
313,-1.968671117,-1.147644648,-1.698766722,-0.447279251,-1.876394758,-1.283433026,1.250650891,-1.05763428
314,-2.127012619,-0.936170302,-1.842494052,-0.459377943,-1.833708363,-0.965449325,1.428330447,-1.195776049
315,-1.261847634,-0.647094334,-1.631143433,-0.437439723,-0.960855051,-0.538262231,1.745463282,-0.210869081
316,-1.4426945,-0.879894883,-1.138063945,-0.454245962,-1.663008087,-1.124418825,0.619722098,-0.571162694
317,-1.473286556,-0.423771449,-1.436713198,-0.428820772,-0.842796495,-1.366870168,0.16546154,-0.652244952
318,-1.436489176,-0.606220975,-0.95494138,-0.398589861,-1.065811313,-1.147877951,0.487347208,-0.601191127
319,-2.090192755,-0.229474908,-2.135599121,-0.450315971,-0.99693342,-0.915941326,1.160951679,-1.47810553
320,-2.112293252,-0.138842864,-1.912944259,-0.444323561,-0.688683732,-1.027991132,1.079848013,-1.577219486
321,-1.579211226,-0.552315924,-2.245523373,-0.42402334,-0.596883118,-1.210441388,1.430352745,-1.559202427
322,-1.689268053,-0.367496792,-1.659320089,-0.429290125,-0.623112871,-0.543467679,1.622392347,-1.201789055
323,-1.736471419,-0.680859129,-2.065138635,-0.423639529,-1.557974308,-0.70754025,-0.120625474,-0.916484178
324,-1.585509003,-0.204003608,-1.281750157,-0.451717236,-1.167503831,-0.254509041,0.034906891,-0.8444196
325,-1.540256455,-1.134019602,-2.189149502,-0.398994592,-1.85669048,-0.465358552,0.380860673,-0.84442326
326,-1.636888489,-0.96223267,-1.766400291,-0.502701271,-1.06581232,-0.738794572,0.329589796,-1.111692778
327,-1.11619282,-0.812957124,-1.960857938,-0.431723623,-0.469052457,-0.553885787,1.279067205,-0.757335316
328,-1.460882046,-1.151199438,-2.676804734,-0.43782105,-1.000213272,-0.566902292,0.88932574,-1.162746603
329,-0.947537386,-1.513727614,-1.980588107,-0.487971837,-0.242901746,-0.1894467,0.533056507,-0.201866041
330,-0.627433162,-1.311730931,-1.197216762,-0.461780424,-0.600163976,-0.007315116,1.104624018,0.37150318
331,-0.744851766,-1.652934682,-1.515613318,-0.41389267,-0.764093141,0.221576106,1.531074605,0.233430947
332,-0.545790374,-0.880487729,-1.281753583,-0.431225058,-0.573936236,0.008298347,1.8063412,0.653646013
333,-0.100521674,-1.647602115,-1.098624165,-0.434429804,-0.888703346,0.12275333,0.197518857,1.040787717
334,-0.287562474,-0.532766735,-0.622540447,-0.514586792,-0.170814471,0.572548798,-0.363835099,0.32648066
335,-0.373605954,-0.687969218,-0.692963241,-0.507238642,0.241948528,0.530962886,0.560057386,0.332482687
336,-0.05492137,-0.647686418,-0.554941144,0.457403928,0.379490893,0.822002263,0.361748314,0.46155554
337,-0.047530724,-0.896481111,-0.814088939,0.473767794,0.094557548,0.744060402,0.700218729,0.428537073
338,0.303027231,-1.442051658,-0.484532056,0.389322504,0.654501126,1.24791467,-0.129625825,0.671648434
339,-1.026049401,0.399026019,-0.262027963,1.506802504,0.199371865,-0.015116079,0.660273931,-0.351986245
340,-0.368583727,0.901354108,0.202624729,1.490475573,0.674148022,0.101941629,0.943934015,-0.195864015
341,-1.089674537,0.496767389,0.236414101,0.487157094,0.150241538,0.658308926,0.31462306,0.092343061
342,-1.548736307,1.476542575,0.211071216,0.449290978,0.572667919,0.021304759,0.115403695,-0.628214886
343,-0.703979987,0.600431887,0.883959778,0.441555056,-0.564103728,0.741460561,0.966181542,0.50657074
344,-0.610475021,0.91734749,0.81358153,0.530670544,0.019216595,0.489374091,1.170356316,0.233427287
345,-1.128397764,2.369833608,0.655935487,2.290715873,2.351749905,-0.103578426,-0.938233827,-0.58617874
